id;mobile;intro;profile
1;Practical standardization Idaho;hacking Incredible;../fake-data/blob/hipster.txt
2;Home Loan Account International killer;open-source Wyoming Pants;../fake-data/blob/hipster.txt
3;Money Market Account Planner neutral;Factors CSS;../fake-data/blob/hipster.txt
4;benchmark connect Refined Concrete Bacon;Self-enabling Engineer Dominican Republic;../fake-data/blob/hipster.txt
5;Tasty Steel Fish Checking Account;Practical Plastic Gloves;../fake-data/blob/hipster.txt
6;open-source Tenge reintermediate;Dynamic array Operations;../fake-data/blob/hipster.txt
7;calculating;Gorgeous Plastic Ball;../fake-data/blob/hipster.txt
8;users;partnerships Officer Yen;../fake-data/blob/hipster.txt
9;Personal Loan Account;indexing Soap Buckinghamshire;../fake-data/blob/hipster.txt
10;Uganda Shilling;white Som Money Market Account;../fake-data/blob/hipster.txt
