id;parent_id;post_id;title;meta_title;slug;content
1;21798;15449;Harbor open-source;lavender ivory bypassing;District HTTP e-commerce;../fake-data/blob/hipster.txt
2;2720;12926;Internal programming Berkshire;Planner;enterprise Belarussian Ruble;../fake-data/blob/hipster.txt
3;2052;18974;hacking Nevada Salad;killer Georgia;Hat;../fake-data/blob/hipster.txt
4;24149;58784;Tasty Cotton Towels fresh-thinking Designer;array;Chicken violet;../fake-data/blob/hipster.txt
5;55728;60986;deposit Fresh;Bedfordshire visionary;Cheese Front-line;../fake-data/blob/hipster.txt
6;9171;35498;Future Specialist bypass;California;Thailand Product;../fake-data/blob/hipster.txt
7;95034;62005;revolutionize Tonga;withdrawal fresh-thinking;Open-source Avon invoice;../fake-data/blob/hipster.txt
8;51091;54811;invoice 6th generation Avon;Intelligent Central bricks-and-clicks;driver Money Market Account Wooden;../fake-data/blob/hipster.txt
9;85242;775;National;Savings Account Lithuania Chief;salmon Pitcairn Islands Direct;../fake-data/blob/hipster.txt
10;95453;50179;empower;Corners Marshall Islands Public-key;Cambridgeshire open architecture Garden;../fake-data/blob/hipster.txt
