id;title;meta_title;slug;summary;published_at;content
1;Saint Helena Pound mesh;EXE Tasty Rubber Chips;action-items;../fake-data/blob/hipster.txt;2021-03-21T20:44:44;../fake-data/blob/hipster.txt
2;Incredible Wooden Hat;copy solutions Tools;Home Loan Account;../fake-data/blob/hipster.txt;2021-03-22T04:19:17;../fake-data/blob/hipster.txt
3;magenta Guadeloupe orchid;deposit Isle;mobile repurpose Optimized;../fake-data/blob/hipster.txt;2021-03-22T06:35:50;../fake-data/blob/hipster.txt
4;methodologies;bypassing system;compress;../fake-data/blob/hipster.txt;2021-03-21T16:28:16;../fake-data/blob/hipster.txt
5;explicit;Illinois Identity;exploit collaborative Home Loan Account;../fake-data/blob/hipster.txt;2021-03-22T07:20:29;../fake-data/blob/hipster.txt
6;Licensed Soft Shoes;microchip Personal Loan Account withdrawal;Sleek Awesome;../fake-data/blob/hipster.txt;2021-03-21T21:14:22;../fake-data/blob/hipster.txt
7;Gorgeous Wooden Chicken;Credit Card Account innovative;Avon Fantastic Wooden Table zero tolerance;../fake-data/blob/hipster.txt;2021-03-21T20:43:30;../fake-data/blob/hipster.txt
8;metrics Paradigm;Buckinghamshire Money Market Account Home;synthesize;../fake-data/blob/hipster.txt;2021-03-22T09:54:30;../fake-data/blob/hipster.txt
9;Fundamental Keys Producer;out-of-the-box Qatari Rial initiatives;Consultant synergize optical;../fake-data/blob/hipster.txt;2021-03-22T05:01:31;../fake-data/blob/hipster.txt
10;generate local area network copy;Avon Jordan cohesive;Metal deposit;../fake-data/blob/hipster.txt;2021-03-21T14:29:02;../fake-data/blob/hipster.txt
