id;title;meta_title;slug;content
1;Branding Jewelery Plastic;Cheese;project Concrete white;../fake-data/blob/hipster.txt
2;Tasty Granite Keyboard;Grocery SSL;Vermont deposit Games;../fake-data/blob/hipster.txt
3;Steel;Licensed Plastic Soap;regional open system Rustic Frozen Ball;../fake-data/blob/hipster.txt
4;neutral haptic strategize;bluetooth Bedfordshire Wyoming;Maine Human Pizza;../fake-data/blob/hipster.txt
5;feed Buckinghamshire;Mali Villages metrics;optimize;../fake-data/blob/hipster.txt
6;Principal Burkina Faso Architect;plum reboot;next generation orchestrate;../fake-data/blob/hipster.txt
7;transmitting SAS Mouse;bypass;SDD Customer Security;../fake-data/blob/hipster.txt
8;Associate firewall;Technician out-of-the-box;Timor-Leste Hawaii;../fake-data/blob/hipster.txt
9;Track ability;quantifying;Networked Sports Automotive;../fake-data/blob/hipster.txt
10;AGP index Producer;Intelligent Metal Cheese Avon Directives;connecting;../fake-data/blob/hipster.txt
